antecedents,consequents,antecedent support,consequent support,support,confidence,lift,representativity,leverage,conviction,zhangs_metric,jaccard,certainty,kulczynski
"frozenset({'Time_NightOffPeak', 'Regime_PeakCommute/RushHour'})","frozenset({'Congestion_Medium', 'Day_Weekday'})",0.08696373744917434,0.15426105717367852,0.055202887727159575,0.6347805343511451,4.1149759114930875,1.0,0.04178776965247573,2.3157006194173353,0.8290855935808973,0.2967547674807629,0.5681652491626422,0.4963171095639534
"frozenset({'Time_NightOffPeak', 'Regime_Off-Peak/NightLull'})","frozenset({'Day_Weekday', 'Congestion_Low'})",0.24778026719774293,0.16894863496805243,0.15187536304041158,0.6129437374413931,3.627988693470643,1.0,0.11001322512533361,2.1471073986462423,0.9629701951476884,0.573431503093914,0.5342571123221396,0.7559438726499697
"frozenset({'Day_Weekday', 'Congestion_Low'})","frozenset({'Time_NightOffPeak', 'Regime_Off-Peak/NightLull'})",0.16894863496805243,0.24778026719774293,0.15187536304041158,0.8989440078585462,3.627988693470643,1.0,0.11001322512533361,7.443593564935097,0.8716250443348774,0.573431503093914,0.8656562866743894,0.7559438726499697
"frozenset({'Time_NightOffPeak', 'Congestion_Low'})","frozenset({'Regime_Off-Peak/NightLull', 'Day_Weekday'})",0.23643266118994274,0.17762011451331838,0.15187536304041158,0.642362025094323,3.616493699795229,1.0,0.10988016668516534,2.299475847618182,0.9475118214935739,0.5792846969457193,0.5651182850927489,0.7487096273567855
"frozenset({'Regime_Off-Peak/NightLull', 'Day_Weekday'})","frozenset({'Time_NightOffPeak', 'Congestion_Low'})",0.17762011451331838,0.23643266118994274,0.15187536304041158,0.8550572296192479,3.616493699795229,1.0,0.10988016668516534,5.268060882265683,0.8797504569323943,0.5792846969457193,0.8101768331177827,0.7487096273567855
"frozenset({'Weather_Clear', 'Congestion_Low'})","frozenset({'Time_NightOffPeak', 'Regime_Off-Peak/NightLull'})",0.07887312256244296,0.24778026719774293,0.06957928802588997,0.882167280378748,3.560280608119321,1.0,0.05003608464264753,6.383793357397726,0.7806994678128704,0.27065848934796644,0.8433533255206059,0.5814888645698161
"frozenset({'Regime_PeakCommute/RushHour', 'Day_Weekday', 'Time_MorningRush'})",frozenset({'Congestion_Severe'}),0.06045141482034686,0.24977180316986142,0.053584764749813295,0.8864104323953329,3.548881103254537,1.0,0.038485705865965975,6.604727992637535,0.7644320461751758,0.20879476194325436,0.8485933105625659,0.5504726580581316
"frozenset({'Time_NightOffPeak', 'Regime_Off-Peak/NightLull', 'Day_Weekend'})",frozenset({'Congestion_Low'}),0.07271180814870135,0.25004149033275247,0.06445523193096009,0.886447931526391,3.5452033594373313,1.0,0.04627426305666963,6.604534111516848,0.7742239578366884,0.24953818970363825,0.8485888659040732,0.5721130390229648
"frozenset({'Time_NightOffPeak', 'Regime_Off-Peak/NightLull', 'Weather_Clear'})",frozenset({'Congestion_Low'}),0.07939175172184881,0.25004149033275247,0.06957928802588997,0.8764044943820225,3.505036277042314,1.0,0.049728056105231025,6.067846123671368,0.776330485357684,0.26776305285007185,0.8351968755273993,0.5773377321325196
frozenset({'Congestion_Low'}),"frozenset({'Time_NightOffPeak', 'Regime_Off-Peak/NightLull'})",0.25004149033275247,0.24778026719774293,0.21633059497137166,0.8651787936613291,3.491717897659972,1.0,0.1543752476862004,5.579387347363448,0.9515299999447189,0.7685164713685606,0.8207688518932903,0.8691265703068869
"frozenset({'Time_NightOffPeak', 'Regime_Off-Peak/NightLull'})",frozenset({'Congestion_Low'}),0.24778026719774293,0.25004149033275247,0.21633059497137166,0.8730743469524447,3.491717897659972,1.0,0.1543752476862004,5.908644089357256,0.9486696367347361,0.7685164713685606,0.8307564333073952,0.8691265703068869
frozenset({'Congestion_Low'}),"frozenset({'Time_NightOffPeak', 'Regime_Off-Peak/NightLull', 'Day_Weekday'})",0.25004149033275247,0.17506845904904159,0.15187536304041158,0.6074006471417904,3.469503589859327,1.0,0.10810098462953077,2.101204535731594,0.9490849425528961,0.5558423809885354,0.5240825045850086,0.7374602477325256
"frozenset({'Time_NightOffPeak', 'Regime_Off-Peak/NightLull', 'Day_Weekday'})",frozenset({'Congestion_Low'}),0.17506845904904159,0.25004149033275247,0.15187536304041158,0.8675198483232609,3.469503589859327,1.0,0.10810098462953077,5.660912221003484,0.8628283605741166,0.5558423809885354,0.8233500254093792,0.7374602477325256
"frozenset({'Time_NightOffPeak', 'Regime_PeakCommute/RushHour'})",frozenset({'Congestion_Medium'}),0.08696373744917434,0.25004149033275247,0.0750975022819683,0.8635496183206108,3.453625305030011,1.0,0.05335295976527056,5.496199427491442,0.7781171684467773,0.28673267326732677,0.8180560925431308,0.5819448912975327
frozenset({'Congestion_Low'}),"frozenset({'Regime_Off-Peak/NightLull', 'Day_Weekday'})",0.25004149033275247,0.17762011451331838,0.15324454402124305,0.6128764622915457,3.450490187841821,1.0,0.10883214587525876,2.1243344963075383,0.9469671936975003,0.5584366495312972,0.5292643405555135,0.7378210856190268
"frozenset({'Regime_Off-Peak/NightLull', 'Day_Weekday'})",frozenset({'Congestion_Low'}),0.17762011451331838,0.25004149033275247,0.15324454402124305,0.8627657089465078,3.4504901878418206,1.0,0.10883214587525876,5.4648040508689135,0.8635742651571146,0.5584366495312972,0.8170108222195088,0.7378210856190268
"frozenset({'Time_NightOffPeak', 'Regime_PeakCommute/RushHour', 'Day_Weekday'})",frozenset({'Congestion_Medium'}),0.06406107376981163,0.25004149033275247,0.055202887727159575,0.8617227979274613,3.4463192359823567,1.0,0.039184961369439476,5.423587535954247,0.75842059180262,0.21322115384615387,0.8156201972641239,0.5412488543690239
"frozenset({'Regime_PeakCommute/RushHour', 'Time_MorningRush'})","frozenset({'Congestion_Severe', 'Day_Weekday'})",0.06667496473321716,0.24097585262633806,0.053584764749813295,0.8036714374611077,3.3350704176459396,1.0,0.03751770827439527,3.866091298984073,0.7501740869502812,0.21090879399036497,0.7413408213451196,0.5130185699702232
"frozenset({'Regime_Off-Peak/NightLull', 'Weather_Clear'})","frozenset({'Time_NightOffPeak', 'Congestion_Low'})",0.08914197991867895,0.23643266118994274,0.06957928802588997,0.7805445659762625,3.3013398489356636,1.0,0.04850321248997627,3.479373122870431,0.7653143151447972,0.27179902755267427,0.7125919052984421,0.5374162682474101
"frozenset({'Day_Weekday', 'Time_MorningRush'})",frozenset({'Congestion_Severe'}),0.12204381379138661,0.24977180316986142,0.10028213426271679,0.8216896141424443,3.289761308980265,1.0,0.06979903082631536,4.207428486131273,0.7927805393256148,0.369317747727099,0.7623251343911732,0.6115923153768701
"frozenset({'Day_Weekend', 'Congestion_Low'})",frozenset({'Regime_Off-Peak/NightLull'}),0.08109285536470003,0.2869678864824496,0.07621774126628496,0.9398823228447173,3.2752177756384553,1.0,0.052946695953450015,11.86060651804299,0.7559814889815234,0.2611600796133068,0.9156872796952882,0.6027395421062305
"frozenset({'Regime_Off-Peak/NightLull', 'Weather_Clear'})",frozenset({'Congestion_Low'}),0.08914197991867895,0.25004149033275247,0.07273255331507758,0.8159180823830579,3.263130776005386,1.0,0.050443359804998804,4.074047681466702,0.7614203586013901,0.2729679227654936,0.7545438644350895,0.5534000102448766
"frozenset({'Time_NightOffPeak', 'Day_Weekend', 'Congestion_Low'})",frozenset({'Regime_Off-Peak/NightLull'}),0.06903991370010787,0.2869678864824496,0.06445523193096009,0.9335937500000001,3.2533039199739755,1.0,0.04464299381350942,10.737424768264306,0.7439848195361948,0.2210758502917319,0.9068677991620846,0.579100785937613
"frozenset({'Regime_PeakCommute/RushHour', 'Time_MorningRush'})",frozenset({'Congestion_Severe'}),0.06667496473321716,0.24977180316986142,0.053584764749813295,0.8036714374611077,3.217622755097611,1.0,0.036931238582110726,3.8212891039810866,0.7384475080580991,0.20385131402414963,0.7383082062652151,0.509103160591019
"frozenset({'Day_Weekend', 'Time_Midday'})",frozenset({'Congestion_High'}),0.06924736536387022,0.25014521616463364,0.055700771720189196,0.8043738765727981,3.2156276618274307,1.0,0.03837887454241251,3.8331014830665446,0.7402812480051294,0.21123436393674772,0.7391146557382604,0.5135238100727649
"frozenset({'Weather_Clear', 'Congestion_Low'})",frozenset({'Regime_Off-Peak/NightLull'}),0.07887312256244296,0.2869678864824496,0.07273255331507758,0.9221462388216727,3.213412657858737,1.0,0.05009850003306211,9.158608431059871,0.7477844578880303,0.2481421190459339,0.8908131068679968,0.5877990646143352
"frozenset({'Day_Weekend', 'Congestion_Low'})","frozenset({'Time_NightOffPeak', 'Regime_Off-Peak/NightLull'})",0.08109285536470003,0.24778026719774293,0.06445523193096009,0.7948324379636736,3.207811691192308,1.0,0.0443620225608668,3.666367750029955,0.7489995118240701,0.24376274909775617,0.7272504919912003,0.5274815237373627
"frozenset({'Time_NightOffPeak', 'Weather_Clear', 'Congestion_Low'})",frozenset({'Regime_Off-Peak/NightLull'}),0.07565762177412663,0.2869678864824496,0.06957928802588997,0.9196599945160406,3.2047488162836135,1.0,0.0478679802090803,8.875181290097297,0.7442729886740721,0.23743451791023645,0.8873262452547561,0.5810618341697531
"frozenset({'Time_NightOffPeak', 'Regime_Moderate/Off-PeakDaytime'})",frozenset({'Congestion_Medium'}),0.08594722429673886,0.25004149033275247,0.06877022653721683,0.8001448225923244,3.200048206109716,1.0,0.0472798544840969,3.7525097893132937,0.7521499040665651,0.2573557953575033,0.7335116878714395,0.5375900417616065
frozenset({'Congestion_Low'}),frozenset({'Regime_Off-Peak/NightLull'}),0.25004149033275247,0.2869678864824496,0.22946228528752802,0.9176968389612545,3.1979077875578916,1.0,0.1577084072738162,8.663483935712744,0.9164447630710163,0.7461045531197303,0.8845729954114897,0.8586532340544725
frozenset({'Regime_Off-Peak/NightLull'}),frozenset({'Congestion_Low'}),0.2869678864824496,0.25004149033275247,0.22946228528752802,0.7996096291476904,3.1979077875578916,1.0,0.1577084072738162,3.7424877576576625,0.9639054618655353,0.7461045531197303,0.7327980571335584,0.8586532340544725
"frozenset({'Weather_Clouds', 'Congestion_Low'})",frozenset({'Regime_Off-Peak/NightLull'}),0.05725665919840677,0.2869678864824496,0.052423035432744174,0.9155797101449276,3.190530206594816,1.0,0.035992212955531476,8.446217310336651,0.7282708250759764,0.17965306412626192,0.8816038040157719,0.5491294054230746
"frozenset({'Time_NightOffPeak', 'Congestion_Low'})",frozenset({'Regime_Off-Peak/NightLull'}),0.23643266118994274,0.2869678864824496,0.21633059497137166,0.9149776256909713,3.188432116591309,1.0,0.1484820138942727,8.386405570443262,0.8988941648570062,0.7044993919740575,0.880759403823211,0.8344135580200682
frozenset({'Regime_Off-Peak/NightLull'}),"frozenset({'Time_NightOffPeak', 'Congestion_Low'})",0.2869678864824496,0.23643266118994274,0.21633059497137166,0.753849490349165,3.188432116591309,1.0,0.1484820138942727,3.1020343605754834,0.9626021217273816,0.7044993919740575,0.6776309080552925,0.8344135580200682
"frozenset({'Time_NightOffPeak', 'Day_Weekday', 'Congestion_Low'})",frozenset({'Regime_Off-Peak/NightLull'}),0.16739274748983488,0.2869678864824496,0.15187536304041158,0.907299541454951,3.1616762160264913,1.0,0.10383902008076329,7.691786261996134,0.8211699766804313,0.5020917632535492,0.8699911872303527,0.7182706049644451
"frozenset({'Day_Weekday', 'Congestion_Low'})",frozenset({'Regime_Off-Peak/NightLull'}),0.16894863496805243,0.2869678864824496,0.15324454402124305,0.9070481335952849,3.160800132424428,1.0,0.10476171132036616,7.670982209361866,0.822601876256956,0.5063056888279645,0.8696385974172155,0.7205305006876157
"frozenset({'Regime_Off-Peak/NightLull', 'Weather_Clouds'})",frozenset({'Congestion_Low'}),0.06646751306945482,0.25004149033275247,0.052423035432744174,0.7887016229712859,3.1542830028796036,1.0,0.03580339940614599,3.5492866543188493,0.7315982588049071,0.1985074626865672,0.7182532442728518,0.49917948484497254
"frozenset({'Regime_Off-Peak/NightLull', 'Day_Weekend'})",frozenset({'Congestion_Low'}),0.10934777196913119,0.25004149033275247,0.07621774126628496,0.6970214380572947,2.787623114586728,1.0,0.04887626139855742,2.475285726021329,0.7200020715646859,0.26915750915750913,0.5960062349620711,0.5009209073635017
"frozenset({'Regime_PeakCommute/RushHour', 'Day_Weekend'})",frozenset({'Congestion_High'}),0.09233673554061904,0.25014521616463364,0.05779603352418886,0.6259267580319029,2.502253561467063,1.0,0.0346984408524441,2.0045667524631923,0.6614349931397996,0.20301683305399693,0.5011390871512711,0.4284883416963296
"frozenset({'Regime_Moderate/Off-PeakDaytime', 'Time_Midday'})",frozenset({'Congestion_High'}),0.10756368766077504,0.25014521616463364,0.06503609658949465,0.6046287367405979,2.41711093264586,1.0,0.03812955468812494,1.8965839288714026,0.6569465448540913,0.22221434647008792,0.47273622602345433,0.43231105107058093
"frozenset({'Day_Weekday', 'Weather_Clear', 'Congestion_Low'})",frozenset({'Time_NightOffPeak'}),0.05275495809476392,0.4206912289436561,0.052381545099991704,0.9929217459693277,2.3602149929831584,1.0,0.03018799694623439,81.84345582201719,0.6084062292039852,0.12440262107700646,0.9877815521112078,0.5587173945093938
"frozenset({'Regime_Off-Peak/NightLull', 'Day_Weekday', 'Congestion_Low'})",frozenset({'Time_NightOffPeak'}),0.15324454402124305,0.4206912289436561,0.15187536304041158,0.9910653851360498,2.355802348493424,1.0,0.08740672748720463,64.83869533020008,0.6796722329563054,0.3598427131973458,0.9845771110151529,0.676039620917549
"frozenset({'Day_Weekday', 'Congestion_Low'})",frozenset({'Time_NightOffPeak'}),0.16894863496805243,0.4206912289436561,0.16739274748983488,0.9907907662082516,2.355149568238205,1.0,0.09631753861677174,62.905208419772194,0.6923741912227706,0.3964331335364057,0.9841030651495992,0.6943450354538472
"frozenset({'Day_Weekday', 'Regime_Off-Peak/NightLull', 'Weather_Clear'})",frozenset({'Time_NightOffPeak'}),0.05460127790224878,0.4206912289436561,0.05393743257820928,0.9878419452887538,2.348140102110513,1.0,0.030967153875618145,47.648146419384275,0.6072898338385918,0.12800945300576042,0.9790128247340768,0.5580266977787524
"frozenset({'Regime_Off-Peak/NightLull', 'Day_Weekday'})",frozenset({'Time_NightOffPeak'}),0.17762011451331838,0.4206912289436561,0.17506845904904159,0.9856341976173792,2.3428921969499554,1.0,0.10034523478932074,40.32554225841025,0.6969736590045787,0.41363591804725036,0.9752018213768361,0.7008894889659952
"frozenset({'Weather_Clear', 'Congestion_Low'})",frozenset({'Time_NightOffPeak'}),0.07887312256244296,0.4206912289436561,0.07565762177412663,0.9592319831667543,2.2801330695088624,1.0,0.04247639091270889,14.20988353262075,0.6095024683313447,0.17847704805715967,0.9296264464304469,0.569536599108403
"frozenset({'Regime_Off-Peak/NightLull', 'Weather_Clear', 'Congestion_Low'})",frozenset({'Time_NightOffPeak'}),0.07273255331507758,0.4206912289436561,0.06957928802588997,0.9566457501426129,2.273985489416367,1.0,0.03898134078755999,13.36221415344442,0.604187559881431,0.16416230238363272,0.9251621034870013,0.5610192604946508
frozenset({'Congestion_Low'}),frozenset({'Time_NightOffPeak'}),0.25004149033275247,0.4206912289436561,0.23643266118994274,0.9455737160872811,2.2476668183969277,1.0,0.1312423993349538,10.643915575521504,0.7401665486982864,0.5443993312634345,0.9060496118270834,0.7537918385653626
"frozenset({'Regime_Off-Peak/NightLull', 'Congestion_Low'})",frozenset({'Time_NightOffPeak'}),0.22946228528752802,0.4206912289436561,0.21633059497137166,0.9427719012747491,2.2410067917080725,1.0,0.11979782417754167,10.122803027889754,0.7186825250725223,0.4986610558530986,0.9012131326427217,0.7284992205224774
"frozenset({'Weather_Clouds', 'Congestion_Low'})",frozenset({'Time_NightOffPeak'}),0.05725665919840677,0.4206912289436561,0.05393743257820928,0.9420289855072465,2.2392408509981414,1.0,0.029850058254823442,9.993076300721944,0.5870315451646321,0.1272077890307745,0.8999307150363944,0.5351202178879987
frozenset({'Congestion_Low'}),"frozenset({'Time_NightOffPeak', 'Day_Weekday'})",0.25004149033275247,0.30115758028379386,0.16739274748983488,0.6694598855056832,2.2229554536692127,1.0,0.09209085729066951,2.1142438967970465,0.7335718220423809,0.4361385871033998,0.5270176721262194,0.6126454900422265
"frozenset({'Weather_Clear', 'Congestion_Low'})","frozenset({'Time_NightOffPeak', 'Day_Weekday'})",0.07887312256244296,0.30115758028379386,0.052381545099991704,0.6641241451867438,2.2052380171234964,1.0,0.028628306359659277,2.080656914456551,0.5933321708370107,0.15987083702671903,0.5193825598771572,0.419029076795342
"frozenset({'Regime_Off-Peak/NightLull', 'Congestion_Low'})","frozenset({'Time_NightOffPeak', 'Day_Weekday'})",0.22946228528752802,0.30115758028379386,0.15187536304041158,0.6618750565048368,2.1977698714444553,1.0,0.08277105643683005,2.066817113497582,0.7072895941773828,0.4009968779098428,0.5161642539780673,0.5830901768712791
"frozenset({'Time_NightOffPeak', 'Day_Weekend'})",frozenset({'Regime_Off-Peak/NightLull'}),0.11953364865986225,0.2869678864824496,0.07271180814870135,0.6082957306490802,2.1197345044609457,1.0,0.03840948962924498,1.820332759454198,0.5999579723500816,0.21783716594157856,0.45064989090245444,0.430837665078751
"frozenset({'Regime_Off-Peak/NightLull', 'Weather_Clear'})",frozenset({'Time_NightOffPeak'}),0.08914197991867895,0.4206912289436561,0.07939175172184881,0.8906213637421457,2.1170428629531237,1.0,0.04189050263938905,5.296361253678959,0.5792812883496319,0.1844426237409032,0.8111911268693427,0.5396693780592479
frozenset({'Regime_Off-Peak/NightLull'}),frozenset({'Time_NightOffPeak'}),0.2869678864824496,0.4206912289436561,0.24778026719774293,0.8634424925901829,2.052437591243019,1.0,0.1270553943660776,4.242233049244259,0.7191463847961518,0.5387946589678817,0.7642750908797558,0.726213085143161
frozenset({'Regime_Off-Peak/NightLull'}),"frozenset({'Time_NightOffPeak', 'Day_Weekday'})",0.2869678864824496,0.30115758028379386,0.17506845904904159,0.6100628930817611,2.0257265067240624,1.0,0.08864590473683263,1.7921926570141422,0.7101362422828885,0.4238360705137864,0.4420242734025948,0.5956906736539205
"frozenset({'Day_Weekend', 'Congestion_Low'})",frozenset({'Time_NightOffPeak'}),0.08109285536470003,0.4206912289436561,0.06903991370010787,0.851368636479918,2.0237375488376137,1.0,0.03492486071818206,3.8976213185184956,0.5505069608155981,0.1595397890699904,0.7434332588317983,0.5077396464119596
"frozenset({'Congestion_Medium', 'Regime_PeakCommute/RushHour', 'Day_Weekday'})",frozenset({'Time_NightOffPeak'}),0.064890880424861,0.4206912289436561,0.055202887727159575,0.8507033248081842,2.0221560761898374,1.0,0.02790386349398896,3.8802523251911016,0.5405554488975469,0.12826568977152222,0.7422848010404195,0.4909614064743125
"frozenset({'Regime_Off-Peak/NightLull', 'Weather_Clouds'})",frozenset({'Time_NightOffPeak'}),0.06646751306945482,0.4206912289436561,0.05628163637872376,0.8467540574282146,2.012768508519634,1.0,0.028319336620706282,3.7802551985020862,0.5389977147069664,0.13062108810784787,0.7354675947813665,0.49026888728701523
"frozenset({'Regime_Off-Peak/NightLull', 'Day_Weekend', 'Congestion_Low'})",frozenset({'Time_NightOffPeak'}),0.07621774126628496,0.4206912289436561,0.06445523193096009,0.8456722917800762,2.0101971079918535,1.0,0.03239109669033706,3.7537573630705587,0.5439986972615534,0.14904538040871151,0.7336002561492138,0.4994424874256168
"frozenset({'Regime_Off-Peak/NightLull', 'Weather_Clear'})","frozenset({'Time_NightOffPeak', 'Day_Weekday'})",0.08914197991867895,0.30115758028379386,0.05393743257820928,0.605073306958343,2.0091584823737665,1.0,0.027091649604193385,1.7695497215795746,0.5514352100856531,0.16035524855063527,0.4348844862593869,0.3920868360237744
"frozenset({'Congestion_Medium', 'Day_Weekday'})",frozenset({'Time_NightOffPeak'}),0.15426105717367852,0.4206912289436561,0.1283295992033856,0.8318988703604088,1.9774571303739408,1.0,0.06343332548284318,3.446192017259977,0.5844593535765421,0.2873333642993172,0.7098246426805066,0.5684717489037607
"frozenset({'Congestion_Medium', 'Regime_PeakCommute/RushHour'})",frozenset({'Time_NightOffPeak'}),0.09374740685420298,0.4206912289436561,0.0750975022819683,0.8010621818986501,1.9041570795523708,1.0,0.035658790482192726,2.91200927297399,0.5239524230790877,0.1709320993483804,0.6565945001340208,0.4897859851748786
"frozenset({'Congestion_Medium', 'Weather_Clear'})",frozenset({'Time_NightOffPeak'}),0.07459961828893867,0.4206912289436561,0.05650983320886233,0.7575083426028921,1.8006278488500327,1.0,0.02512642811216108,2.3889843356864824,0.48048192563261477,0.12878823696279135,0.5814120732973971,0.4459172464037687
frozenset({'Congestion_Medium'}),frozenset({'Time_NightOffPeak'}),0.25004149033275247,0.4206912289436561,0.17531740104555638,0.7011532398572969,1.6666694991903517,1.0,0.07012713919056743,1.938481015419798,0.5333641988865115,0.3538796532808509,0.4841321673798082,0.5589448826634973
"frozenset({'Congestion_Medium', 'Weather_Clouds'})",frozenset({'Time_NightOffPeak'}),0.0742469504605427,0.4206912289436561,0.052008132105219484,0.7004749930148086,1.66505727912056,1.0,0.020773091270655023,1.934091503368148,0.43145422061924094,0.11741838789752236,0.4829613809592063,0.4120502091658194
"frozenset({'Congestion_Medium', 'Regime_Moderate/Off-PeakDaytime'})",frozenset({'Time_NightOffPeak'}),0.09882997261638038,0.4206912289436561,0.06877022653721683,0.6958438287153653,1.6540488150005164,1.0,0.027193323900763886,1.9046425019409405,0.4387883636242427,0.1525681148748159,0.47496708753430517,0.4296567139040114
"frozenset({'Congestion_Severe', 'Day_Weekday', 'Time_Midday'})",frozenset({'Regime_PeakCommute/RushHour'}),0.08405941415650153,0.38409675545597877,0.052215583768981826,0.6211747285291214,1.6172350318130038,1.0,0.019928635525939216,1.6258240696367254,0.4166871650741977,0.1255361596009975,0.3849273001454332,0.3785592789283468
"frozenset({'Congestion_Severe', 'Time_Midday'})",frozenset({'Regime_PeakCommute/RushHour'}),0.09073935772964899,0.38409675545597877,0.05532735872541698,0.6097393689986282,1.5874629512940792,1.0,0.02047466582929941,1.5781844122059454,0.406994454235315,0.13188606468202949,0.36636048850449243,0.376892368809333
"frozenset({'Regime_Off-Peak/NightLull', 'Day_Weekend'})",frozenset({'Time_NightOffPeak'}),0.10934777196913119,0.4206912289436561,0.07271180814870135,0.6649592107759438,1.58063483387956,1.0,0.026710159576756876,1.7290693840532207,0.412442470407977,0.15899296892719436,0.42165420935518694,0.41889905407873573
"frozenset({'Congestion_Severe', 'Regime_PeakCommute/RushHour', 'Time_MorningRush'})",frozenset({'Day_Weekday'}),0.053584764749813295,0.7157289851464609,0.053584764749813295,1.0,1.397176893423379,1.0,0.015232595456117576,inf,0.3003660594901471,0.07486739514796673,1.0,0.5374336975739834
"frozenset({'Congestion_Severe', 'Time_MorningRush'})",frozenset({'Day_Weekday'}),0.10028213426271679,0.7157289851464609,0.10028213426271679,1.0,1.397176893423379,1.0,0.028507304078541365,inf,0.3159557297671201,0.14011188081504883,1.0,0.5700559404075244
"frozenset({'Congestion_Severe', 'Regime_PeakCommute/RushHour'})",frozenset({'Day_Weekday'}),0.14579702929217492,0.7157289851464609,0.14171023151605674,0.9719692657939669,1.3580129992850172,1.0,0.037359071703399555,10.141404529901868,0.3086269104802483,0.1968701366072972,0.9013943288573584,0.5849817634149395
"frozenset({'Congestion_Severe', 'Regime_PeakCommute/RushHour', 'Weather_Clouds'})",frozenset({'Day_Weekday'}),0.051593228777694795,0.7157289851464609,0.050058086465853455,0.9702452754322477,1.3556042797871386,1.0,0.01313131719236478,9.553810999199353,0.27659186450060647,0.06979031091829356,0.8953297275732371,0.5200926385856639
frozenset({'Congestion_Severe'}),frozenset({'Day_Weekday'}),0.24977180316986142,0.7157289851464609,0.24097585262633806,0.9647840531561461,1.3479739862131204,1.0,0.06220693342537156,8.07222410102973,0.3440898677679856,0.3325984251968504,0.8761184046076675,0.6507349731593316
"frozenset({'Congestion_Severe', 'Weather_Clear'})",frozenset({'Day_Weekday'}),0.061862086133930794,0.7157289851464609,0.05964235333167372,0.9641180415828303,1.3470434502321311,1.0,0.015365865203992482,7.922394077507045,0.2746221481272101,0.08307327785483123,0.8737755291876781,0.5237244797636189
"frozenset({'Congestion_Severe', 'Time_EveningRush'})",frozenset({'Day_Weekday'}),0.05872956601111941,0.7157289851464609,0.05661355904074351,0.9639703285058283,1.3468370689340874,1.0,0.014579106361512932,7.889914147552636,0.2735873602460844,0.07886599427795277,0.8732559085816937,0.5215347425260077
"frozenset({'Congestion_Severe', 'Weather_Clouds'})",frozenset({'Day_Weekday'}),0.09161065471745083,0.7157289851464609,0.08773130860509501,0.9576539855072463,1.3380120204455321,1.0,0.02216290767557108,6.713052414937047,0.278099429735865,0.1219153597785978,0.8510364677363572,0.5401150713600403
"frozenset({'Congestion_Severe', 'Regime_Moderate/Off-PeakDaytime'})",frozenset({'Day_Weekday'}),0.1039747738776865,0.7157289851464609,0.09926562111028131,0.954708699122107,1.3338969343637008,1.0,0.024847861721971995,6.27650364073101,0.2793636655884454,0.1377850725639254,0.8406756281458108,0.546700165624356
"frozenset({'Congestion_Severe', 'Regime_PeakCommute/RushHour', 'Time_Midday'})",frozenset({'Day_Weekday'}),0.05532735872541698,0.7157289851464609,0.052215583768981826,0.9437570303712036,1.3185955158405118,1.0,0.012616189457604947,5.054338644095927,0.25576830566182507,0.07263859628870739,0.8021501782101365,0.5083557187449189
"frozenset({'Congestion_Severe', 'Time_Midday'})",frozenset({'Day_Weekday'}),0.09073935772964899,0.7157289851464609,0.08405941415650153,0.9263831732967536,1.2943211641864498,1.0,0.019114625735818194,3.86149508996702,0.2500869598707562,0.11635987709272606,0.7410329479381674,0.5219145222154618
"frozenset({'Regime_PeakCommute/RushHour', 'Time_MorningRush'})",frozenset({'Day_Weekday'}),0.06667496473321716,0.7157289851464609,0.06045141482034686,0.9066583696328563,1.2667621242799398,1.0,0.012730209977165279,3.0454901391309166,0.2256296564339854,0.08373322605672252,0.6716456286785525,0.49555984479729825
"frozenset({'Regime_Moderate/Off-PeakDaytime', 'Time_MorningRush'})",frozenset({'Day_Weekday'}),0.06636378723757365,0.7157289851464609,0.05908223383951539,0.8902782119412316,1.2438761464425705,1.0,0.011583747749491155,2.590834690930117,0.20999767972097982,0.08171697463560197,0.614024004116991,0.48641327193681966
